lista,participantes,par,nomes,transcript,mantem,motivo
1,1c,parA.pontudo,Zang,z~a-gi,n,outro
1,1d,parA.pontudo,Otil,o-'tiw,s,
1,1e,parA.pontudo,Explosário,es-plo-'za-rio,s,
1,1f,parA.pontudo,Figoro,fi-'go-ro,s,
1,1g,parA.pontudo,Blafithi,bla-fi-'ti,s,
1,1h,parA.pontudo,stênia,is-'te-nia,n,outro
1,1i,parA.pontudo,cabum,ka-'b~u,s,
1,1j,parA.pontudo,Carmasta,kaR-'mas-ta,s,
1,1l,parA.pontudo,Foltelhe,fow-'te-Le,s,
1,1m,parA.pontudo,Craclecri,kra-kle-'kri,s,
1,1n,parA.pontudo,Palashi,pa-la-'Si,s,
1,1o,parA.pontudo,fortum,foR-'t~u,s,
1,1p,parA.pontudo,Vinipa,vi-'ni-pa,s,
1,1q,parA.pontudo,Turbula,tuR-'bu-la,s,
1,1r,parA.pontudo,Tchapluti,tSa-plu-'ti,s,
1,1s,parA.pontudo,clapatára,kla-pa-'ta-ra,s,
1,1t,parA.pontudo,firialis,fi-ri-a-'lis,s,
1,1u,parA.pontudo,Aaarrrhg,a-a-'a-hRhg,n,onomatopeia
1,1v,parA.pontudo,Implito,~i-'pli-to,s,
1,1w,parA.pontudo,Kibungo,ki-'b~u-go,s,
1,1x,parA.pontudo,Botugança,bo-tu-'g~a-sa,s,
1,1aa,parA.pontudo,Plago,pla-go,s,
1,1bb,parA.pontudo,Ixiquitiajo,i-Si-ki-ti-'a-Zo,s,
1,1cc,parA.pontudo,Bracção,bra-ki-'s~aw,s,
1,1dd,parA.pontudo,Fisp,fis-pi,n,outro
1,1ee,parA.pontudo,Sexintonono,se-ks~i-to-'no-no,n,outro
1,1ff,parA.pontudo,vipesta,vi-'pes-ta,s,
1,1gg,parA.pontudo,pona,po-na,s,
1,1hh,parA.pontudo,Esleto,es-'le-to,s,
1,1jj,parA.pontudo,Slapos,sla-pos,n,outro
1,1c,parA.redondo,Plastina,plas-'ti-na,s,
1,1d,parA.redondo,Subano,su-'ba-no,s,
1,1e,parA.redondo,Celutório,se-lu-'to-rio,s,
1,1f,parA.redondo,Cetudo,se-'tu-do,s,
1,1g,parA.redondo,Claqui,kla-'ki,s,
1,1h,parA.redondo,amob,a-'mo-bi,n,outro
1,1i,parA.redondo,ewca,ew-ka,n,ortografia
1,1j,parA.redondo,Puno,pu-no,s,
1,1l,parA.redondo,Gurronba,gu-'h~o-ba,s,
1,1m,parA.redondo,Sulusbanate,su-lus-ba-'na-te,s,
1,1n,parA.redondo,Colinga,ko-'l~i-ga,s,
1,1o,parA.redondo,belpis,bew-'pis,s,
1,1p,parA.redondo,Crinoma,kri-'no-ma,s,
1,1q,parA.redondo,Uta,u-ta,s,
1,1r,parA.redondo,Groffe,gro-fe,s,
1,1s,parA.redondo,vunheco,vu-'Ne-ko,s,
1,1t,parA.redondo,gongordol,g~o-goR-'dow,s,
1,1u,parA.redondo,Buarrr,bu-a-'hR,n,onomatopeia
1,1v,parA.redondo,Recusto,he-'kus-to,s,
1,1w,parA.redondo,Anomassopéla,a-no-ma-so-'pe-la,s,
1,1x,parA.redondo,Momolinho,mo-mo-'li-No,n,palavra do pb
1,1aa,parA.redondo,Gofu,go-'fu,s,
1,1bb,parA.redondo,Aguduum,a-gu-'du~u,n,outro
1,1cc,parA.redondo,Glolus,glo-'lus,s,
1,1dd,parA.redondo,Blush,blu-S,n,outro
1,1ee,parA.redondo,Inaforme,i-na-'foR-me,s,
1,1ff,parA.redondo,malô,ma-'lo,s,
1,1gg,parA.redondo,cacur,ka-'kuR,s,
1,1hh,parA.redondo,Isral,is-'haw,s,
1,1jj,parA.redondo,Loundin,lown-'d~i,s,
1,1c,parB.pontudo,Zum,z~u,s,
1,1d,parB.pontudo,Norado,no-'ra-do,s,
1,1e,parB.pontudo,Ondular,~o-du-'laR,n,palavra do pb
1,1f,parB.pontudo,Pale,pa-le,s,
1,1g,parB.pontudo,Rem Rem,h~e h~e,s,
1,1h,parB.pontudo,kwit,kwi-ti,n,outro
1,1i,parB.pontudo,tzzzzzz,ti-'zzs,n,onomatopeia
1,1j,parB.pontudo,Nirilo,ni-'ri-lo,s,
1,1l,parB.pontudo,Lafasbo,la-'fas-bo,s,
1,1m,parB.pontudo,Rinfi,h~i-'fi,s,
1,1n,parB.pontudo,Risa,hi-za,s,
1,1o,parB.pontudo,risa,hi-za,s,
1,1p,parB.pontudo,Codrinem,ko-'dri-n~e,s,
1,1q,parB.pontudo,Esquerre,es-'ke-he,s,
1,1r,parB.pontudo,Nersso,neR-so,s,
1,1s,parB.pontudo,vislanvo,vis-'l~a-vo,s,
1,1t,parB.pontudo,trifu,tri-'fu,s,
1,1u,parB.pontudo,Trrrri,thhi,n,onomatopeia
1,1v,parB.pontudo,Zimbra,z~i-bra,n,palavra do pb
1,1w,parB.pontudo,Grilir,gri-'liR,s,
1,1x,parB.pontudo,Estirandola,es-ti-r~a-'do-la,s,
1,1aa,parB.pontudo,Zizo,zi-zo,s,
1,1bb,parB.pontudo,Kri,kri,s,
1,1cc,parB.pontudo,Visaro,vi-'za-ro,s,
1,1dd,parB.pontudo,Triza,tri-za,s,
1,1ee,parB.pontudo,Zigexto,zi-'ZeS-to,s,
1,1ff,parB.pontudo,dangostil,d~a-gos-'tiw,s,
1,1gg,parB.pontudo,conpom,k~o-p~o,s,
1,1hh,parB.pontudo,Asral,as-'haw,s,
1,1jj,parB.pontudo,Brinzim,br~i-'z~i,s,
1,1c,parB.redondo,Brizina,bri-'zi-na,s,
1,1d,parB.redondo,Curlo,kuR-lo,s,
1,1e,parB.redondo,Hipnático,i-pi-'na-ti-ko,s,
1,1f,parB.redondo,Equivox,e-'ki-voS,s,
1,1g,parB.redondo,Ihhhh,ihh,n,ortografia
1,1h,parB.redondo,lola,lo-la,s,
1,1i,parB.redondo,ioioioioio,ioj-oj-oj-'oj-o,n,outro
1,1j,parB.redondo,Sururu,su-ru-'ru,n,palavra do pb
1,1l,parB.redondo,Casencha,ka-'z~e-Sa,s,
1,1m,parB.redondo,Loiela,loj-'e-la,s,
1,1n,parB.redondo,Profu,pro-'fu,s,
1,1o,parB.redondo,cerius,se-'riws,s,
1,1p,parB.redondo,Lorivo,lo-'ri-vo,s,
1,1q,parB.redondo,Luvo,lu-vo,s,
1,1r,parB.redondo,Careghuna,ka-re-'gu-na,s,
1,1s,parB.redondo,zacro,za-kro,s,
1,1t,parB.redondo,zombaté,z~o-ba-'te,s,
1,1u,parB.redondo,Wolwolwol,wo-lwo-'lwow,n,ortografia
1,1v,parB.redondo,Olusco,o-'lus-ko,s,
1,1w,parB.redondo,Ôumini,ow-mi-ni,s,
1,1x,parB.redondo,Tovinho,to-'vi-No,n,sufixo inho
1,1aa,parB.redondo,Rodivo,ho-'di-vo,s,
1,1bb,parB.redondo,Dredha,dre-da,n,ortografia
1,1cc,parB.redondo,Lionde,li-'~o-de,s,
1,1dd,parB.redondo,Councli,kown-'kli,s,
1,1ee,parB.redondo,Aspiracorte,as-pi-ra-'koR-te,s,
1,1ff,parB.redondo,coruspitel,ko-rus-pi-'tew,s,
1,1gg,parB.redondo,bune,bu-ne,s,
1,1hh,parB.redondo,Ropelo,ho-'pe-lo,s,
1,1jj,parB.redondo,Mounaim,mow-na-'~i,s,
1,1c,parC.pontudo,Vanvon,v~a-v~o,s,
1,1d,parC.pontudo,Oxal,o-'Saw,s,
1,1e,parC.pontudo,Griteira,gri-'tej-ra,s,
1,1f,parC.pontudo,Feugo,few-go,s,
1,1g,parC.pontudo,Flamboe,fl~a-'bo-e,s,
1,1h,parC.pontudo,tof,to-fi,n,ortografia
1,1i,parC.pontudo,croc,kro-c,n,ortografia
1,1j,parC.pontudo,Marvino,maR-'vi-no,s,
1,1l,parC.pontudo,Chubrulo,Su-'bru-lo,s,
1,1m,parC.pontudo,Quetoquiti,ke-to-ki-'ti,s,
1,1n,parC.pontudo,Zia,zia,s,
1,1o,parC.pontudo,crampo,kr~a-po,s,
1,1p,parC.pontudo,Moratinhe,mo-ra-'ti-Ne,s,
1,1q,parC.pontudo,Feressi,fe-re-'si,s,
1,1r,parC.pontudo,Tutzsso,tu-ti-zso,n,outro
1,1s,parC.pontudo,iscrovunze,is-kro-'v~u-ze,s,
1,1t,parC.pontudo,téfise,te-fi-ze,s,
1,1u,parC.pontudo,Yeaaah,ie-a-'a-a,n,onomatopeia
1,1v,parC.pontudo,Zimbapa,z~i-'ba-pa,s,
1,1w,parC.pontudo,Esmufato,es-mu-'fa-to,s,
1,1x,parC.pontudo,Treconcinto,tre-k~o-'s~i-to,s,
1,1aa,parC.pontudo,Eridos,e-'ri-dos,s,
1,1bb,parC.pontudo,Arkerto,aR-'keR-to,s,
1,1cc,parC.pontudo,Pitaro,pi-'ta-ro,s,
1,1dd,parC.pontudo,Griz,gris,s,
1,1ee,parC.pontudo,Fantoforme,f~a-to-'foR-me,s,
1,1ff,parC.pontudo,cavepe,ka-'ve-pe,s,
1,1gg,parC.pontudo,roufam,how-f~a,s,
1,1hh,parC.pontudo,Joile,Zoj-le,s,
1,1jj,parC.pontudo,Cuenhos,ku-'e-Nos,s,
1,1c,parC.redondo,Polten,pow-t~e,s,
1,1d,parC.redondo,Esvil,es-'viw,s,
1,1e,parC.redondo,Voalês,vo-a-'les,s,
1,1f,parC.redondo,Ginoro,Zi-'no-ro,s,
1,1g,parC.redondo,Blá,bla,s,
1,1h,parC.redondo,maro,ma-ro,s,
1,1i,parC.redondo,meteses,me-'te-zes,s,
1,1j,parC.redondo,Mineu,mi-'new,s,
1,1l,parC.redondo,Tebrofa,te-'bro-fa,s,
1,1m,parC.redondo,Usmauba,us-'maw-ba,s,
1,1n,parC.redondo,Teri,te-'ri,s,
1,1o,parC.redondo,tiano,ti-'a-no,s,
1,1p,parC.redondo,Blica,bli-ka,s,
1,1q,parC.redondo,Adimo,a-'di-mo,s,
1,1r,parC.redondo,Ferjuh,feR-Zuh,n,ortografia
1,1s,parC.redondo,uobgnan,u-'ob-gi-n~a,n,outro
1,1t,parC.redondo,angoldo,~a-'gow-do,s,
1,1u,parC.redondo,Lartol,laR-'tow,s,
1,1v,parC.redondo,Zedrata,ze-'dra-ta,s,
1,1w,parC.redondo,Caligã,ka-li-'g~a,s,
1,1x,parC.redondo,Ceriola,se-ri-'o-la,s,
1,1aa,parC.redondo,Lapelu,la-pe-'lu,s,
1,1bb,parC.redondo,Itipoltiun,i-ti-pow-ti-'~u,s,
1,1cc,parC.redondo,Calisso,ka-'li-so,s,
1,1dd,parC.redondo,Shisto,Sis-to,s,
1,1ee,parC.redondo,Dinoforme,di-no-'foR-me,n,palavra do pb
1,1ff,parC.redondo,sôntaro,s~o-ta-ro,s,
1,1gg,parC.redondo,polcher,pow-'SeR,s,
1,1hh,parC.redondo,Ekolia,e-ko-'lia,s,
1,1jj,parC.redondo,Souplam,sow-pl~a,s,
1,1c,parD.pontudo,Linix,li-niS,s,
1,1d,parD.pontudo,Tembril,t~e-'briw,s,
1,1e,parD.pontudo,Decartesiano,de-kaR-te-zi-'a-no,n,palavra do pb
1,1f,parD.pontudo,Printoco,pr~i-'to-ko,s,
1,1g,parD.pontudo,Ziiimmm,zii~i-m,n,onomatopeia
1,1h,parD.pontudo,comt,k~o-ti,n,outro
1,1i,parD.pontudo,plink,pl~i-ki,n,outro
1,1j,parD.pontudo,Bline,bli-ne,s,
1,1l,parD.pontudo,Jizinja,Zi-'z~i-Za,s,
1,1m,parD.pontudo,Bloumou,blow-'mow,s,
1,1n,parD.pontudo,Litea,li-'te-a,s,
1,1o,parD.pontudo,lurios,lu-'rios,s,
1,1p,parD.pontudo,Plonino,plo-'ni-no,s,
1,1q,parD.pontudo,Venula,ve-'nu-la,s,
1,1r,parD.pontudo,Plinpt,pl'~i-pi-ti,n,outro
1,1s,parD.pontudo,Laci,la-'si,s,
1,1t,parD.pontudo,caifá,kaj-'fa,s,
1,1u,parD.pontudo,Luzintra,lu-'z~i-tra,s,
1,1v,parD.pontudo,Tegelugo,te-Ze-'lu-go,s,
1,1w,parD.pontudo,Kablim,ka-'bl~i,s,
1,1x,parD.pontudo,Plubivita,plu-bi-'vi-ta,s,
1,1aa,parD.pontudo,Plavi,pla-'vi,s,
1,1bb,parD.pontudo,Ixfluri,iS-flu-'ri,s,
1,1cc,parD.pontudo,Tilhar,ti-'LaR,s,
1,1dd,parD.pontudo,Flispi,flis-'pi,s,
1,1ee,parD.pontudo,Luznear,lus-ne-'aR,n,palavra do pb
1,1ff,parD.pontudo,ramatriz,ha-ma-'tris,s,
1,1gg,parD.pontudo,rebri,he-'bri,s,
1,1hh,parD.pontudo,Daledo,da-'le-do,s,
1,1jj,parD.pontudo,Lissoim,li-so-'~i,s,
1,1c,parD.redondo,Espirralto,es-pi-'haw-to,s,
1,1d,parD.redondo,Axvil,aS-'viw,n,outro
1,1e,parD.redondo,Limbático,l~i-'ba-ti-ko,s,
1,1f,parD.redondo,Turquina,tuR-'ki-na,s,
1,1g,parD.redondo,Uuuuuuhhhh,uuuuuuhh,n,onomatopeia
1,1h,parD.redondo,cane,ka-ne,s,
1,1i,parD.redondo,chua,Sua,s,
1,1j,parD.redondo,Rondeira,h~o-'dej-ra,s,
1,1l,parD.redondo,Bigrufe,bi-'gru-fe,s,
1,1m,parD.redondo,Suouso,su-'ow-zo,s,
1,1n,parD.redondo,Trou,trow,s,
1,1o,parD.redondo,vártice,vaR-ti-se,s,
1,1p,parD.redondo,Tomeno,to-'me-no,s,
1,1q,parD.redondo,Ura,u-ra,s,
1,1r,parD.redondo,Achorbora,a-SoR-'bo-ra,s,
1,1s,parD.redondo,iobenza,i-o-'b~e-za,s,
1,1t,parD.redondo,zombo,z~o-bo,s,
1,1u,parD.redondo,Ventrone,v~e-'tro-ne,s,
1,1v,parD.redondo,Assimpre,a-'s~i-pre,s,
1,1w,parD.redondo,Vozcólio,vos-'ko-lio,n,palavra do pb
1,1x,parD.redondo,Quenioperça,ke-ni-o-'peR-sa,s,
1,1aa,parD.redondo,Cliva,kli-va,s,
1,1bb,parD.redondo,Ordo,oR-do,s,
1,1cc,parD.redondo,Geseu,Ze-'zew,s,
1,1dd,parD.redondo,Vispolim,vis-po-'l~i,s,
1,1ee,parD.redondo,Ventiral,v~e-ti-'raw,s,
1,1ff,parD.redondo,duviral,du-vi-'raw,s,
1,1gg,parD.redondo,hevi,e-'vi,s,
1,1hh,parD.redondo,Tatale,ta-'ta-le,s,
1,1jj,parD.redondo,Fouman,fow-m~a,n,outro
1,1c,parE.redondo,Quargo,kwaR-go,s,
1,1d,parE.redondo,Chaval,Sa-'vaw,s,
1,1e,parE.redondo,Balônico,ba-'lo-ni-ko,s,
1,1f,parE.redondo,Pixoca,pi-'So-ka,s,
1,1g,parE.redondo,Zomzom,z~o-z~o,s,
1,1h,parE.redondo,fulô,fu-'lo,s,
1,1i,parE.redondo,plis,plis,s,
1,1j,parE.redondo,Fonda,f~o-da,s,
1,1l,parE.redondo,Prodilque,pro-'diw-ke,s,
1,1m,parE.redondo,Baboba,ba-'bo-ba,s,
1,1n,parE.redondo,Juni,Zu-'ni,s,
1,1o,parE.redondo,conjur,k~o-'ZuR,s,
1,1p,parE.redondo,Ziremitro,zi-re-'mi-tro,s,
1,1q,parE.redondo,Absentiã,a-bi-s~e-ti-'~a,s,
1,1r,parE.redondo,lezzfim,les-'f~i,n,outro
1,1s,parE.redondo,Copalanzio,ko-pa-l~a-'zio,s,
1,1t,parE.redondo,undemol,~u-de-'mow,s,
1,1u,parE.redondo,Constanse,k~os-'t~a-se,n,palavra do pb (nome proprio)
1,1v,parE.redondo,Jaculito,Za-ku-'li-to,s,
1,1w,parE.redondo,Amagueri,a-ma-ge-'ri,s,
1,1x,parE.redondo,Lifundio,li-f~u-'dio,s,
1,1aa,parE.redondo,Ricula,hi-'ku-la,s,
1,1bb,parE.redondo,Oueda,owe-da,s,
1,1cc,parE.redondo,Bolum,bo-'l~u,s,
1,1dd,parE.redondo,Ponjo,p~o-Zo,s,
1,1ee,parE.redondo,Circundobre,siR-k~u-'do-bre,s,
1,1ff,parE.redondo,bengul,b~e-'guw,s,
1,1gg,parE.redondo,inder,~i-'deR,s,
1,1hh,parE.redondo,Queler,ke-'leR,s,
1,1jj,parE.redondo,Shoumo,Sow-mo,s,
1,1c,parE.pontudo,Deslix,des-liS,s,
1,1d,parE.pontudo,Orix,o-riS,s,
1,1e,parE.pontudo,Tibetático,ti-be-'ta-ti-ko,s,
1,1f,parE.pontudo,Nortuda,noR-'tu-da,s,
1,1g,parE.pontudo,Zinzom,z~i-z~o,s,
1,1h,parE.pontudo,derna,deR-na,s,
1,1i,parE.pontudo,catu,ka-'tu,s,
1,1j,parE.pontudo,Estrimo,es-'tri-mo,s,
1,1l,parE.pontudo,Solxantre,sow-'S~a-tre,s,
1,1m,parE.pontudo,Nonineno,no-ni-'ne-no,s,
1,1n,parE.pontudo,Ovena,o-'ve-na,s,
1,1o,parE.pontudo,laratá,la-ra-'ta,s,
1,1p,parE.pontudo,Amispa,a-'mis-pa,s,
1,1q,parE.pontudo,Caci,ka-'si,s,
1,1r,parE.pontudo,salfa,saw-fa,s,
1,1s,parE.pontudo,varelins,va-re-'l~is,s,
1,1t,parE.pontudo,conculhi,k~o-ku-'Li,s,
1,1u,parE.pontudo,Prown,pro-wn,n,outro
1,1v,parE.pontudo,Uliano,u-li-'a-no,s,
1,1w,parE.pontudo,Prema,pre-ma,s,
1,1x,parE.pontudo,Assucomato,a-su-ko-'ma-to,s,
1,1aa,parE.pontudo,Ferila,fe-'ri-la,s,
1,1bb,parE.pontudo,Iziquidin,i-zi-ki-'d~i,s,
1,1cc,parE.pontudo,Tendilho,t~e-'di-Lo,s,
1,1dd,parE.pontudo,Zikem,zi-k~e,s,
1,1ee,parE.pontudo,Estrecurve,es-tre-'kuR-ve,n,outro
1,1ff,parE.pontudo,diática,di-'a-ti-ka,s,
1,1gg,parE.pontudo,pones,po-neS,s,
1,1hh,parE.pontudo,Zoele,zo-'e-le,s,
1,1jj,parE.pontudo,Esplam,es-pl~a,s,
1,1c,parF.pontudo,Formadouro,foR-ma-'dow-ro,s,
1,1d,parF.pontudo,livos,li-vos,s,
1,1e,parF.pontudo,clark,klaR-ki,n,outro
1,1f,parF.pontudo,NA,NA,n,
1,1g,parF.pontudo,trit,tri-ti,n,outro
1,1h,parF.pontudo,diano,di-'a-no,s,
1,1i,parF.pontudo,pidata,pi-'da-ta,s,
1,1j,parF.pontudo,tricanfe,tri-'k~a-fe,s,
1,1l,parF.pontudo,tripeta,tri-'pe-ta,s,
1,1m,parF.pontudo,grazina,gra-'zi-na,s,
1,1n,parF.pontudo,emitilho,e-mi-'ti-Lo,s,
1,1o,parF.pontudo,pirenu,pi-re-'nu,s,
1,1p,parF.pontudo,blinztu,bl~is-'tu,s,
1,1q,parF.pontudo,creniônis,kre-ni-'o-nis,s,
1,1r,parF.pontudo,xravatu,SRa-va-'tu,n,outro
1,1s,parF.pontudo,trinble,tr~i-ble,s,
1,1t,parF.pontudo,reduodo,he-'du-odo,s,
1,1u,parF.pontudo,calmoriz,kaw-mo-'ris,s,
1,1v,parF.pontudo,trivomaniaco,tri-vo-ma-ni-'a-ko,n,palavra do pb
1,1w,parF.pontudo,patuskle,pa-'tus-kle,s,
1,1x,parF.pontudo,ertento,eR-'t~e-to,s,
1,1aa,parF.pontudo,frituê,fri-'tue,s,
1,1bb,parF.pontudo,verpa,veR-pa,s,
1,1cc,parF.pontudo,corângulo,ko-'r~a-gu-lo,n,palavra do pb
1,1dd,parF.pontudo,capangol,ka-p~a-'gow,s,
1,1ee,parF.pontudo,badi,ba-'di,s,
1,1ff,parF.pontudo,celeca,se-'le-ka,s,
1,1gg,parF.pontudo,firimesis,fi-ri-me-'zis,s,
1,1hh,parF.pontudo,cordam,koR-d~a,s,
1,1jj,parF.pontudo,firimesis,fi-ri-me-'zis,s,
1,1c,parF.redondo,oculpático,o-kuw-'pa-ti-ko,s,
1,1d,parF.redondo,campurio,k~a-pu-'rio,s,
1,1e,parF.redondo,ava,a-va,s,
1,1f,parF.redondo,grena,gre-na,s,
1,1g,parF.redondo,chaor,Sa-'oR,s,
1,1h,parF.redondo,lineiro,li-'nej-ro,s,
1,1i,parF.redondo,samala,sa-'ma-la,s,
1,1j,parF.redondo,zucoltre,zu-'kow-tre,s,
1,1l,parF.redondo,sucula,su-'ku-la,s,
1,1m,parF.redondo,lamarte,la-'maR-te,s,
1,1n,parF.redondo,querane,ke-'ra-ne,s,
1,1o,parF.redondo,quazar,kwa-'zaR,s,
1,1p,parF.redondo,noquahnto,no-kw~ato,n,outro
1,1q,parF.redondo,etaminje,e-ta-'m~i-Ze,s,
1,1r,parF.redondo,parcatô,paR-ka-'to,s,
1,1s,parF.redondo,oitosa,oj-'to-za,s,
1,1t,parF.redondo,blocado,blo-'ka-do,s,
1,1u,parF.redondo,sertopoda,seR-to-'po-da,s,
1,1v,parF.redondo,wellcioclome,wew-si-o-'klo-me,n,outro
1,1w,parF.redondo,blenx,bl~e-S,s,
1,1x,parF.redondo,valícete,va-'li-se-te,s,
1,1aa,parF.redondo,lentrilo,l~e-'tri-lo,s,
1,1bb,parF.redondo,banfe,b~a-fe,s,
1,1cc,parF.redondo,cincunono,s~i-ku-'no-no,s,
1,1dd,parF.redondo,estiróde,es-ti-'ro-de,s,
1,1ee,parF.redondo,cirflu,siR-'flu,s,
1,1ff,parF.redondo,lulete,lu-'le-te,s,
1,1gg,parF.redondo,NA,NA,n,
1,1hh,parF.redondo,zuembra,zu-'~e-bra,s,
1,1jj,parF.redondo,trombolenes,tr~o-bo-'le-nes,s,
2,2a,parA.pontudo,Cracote,kra-'ko-te,s,
2,2b,parA.pontudo,Poteco,po-'te-ko,s,
2,2c,parA.pontudo,Gaplasteto,ga-plas-'te-to,s,
2,2d,parA.pontudo,bumbei,b~u-'bej,s,
2,2e,parA.pontudo,pentu pa,p~e-'tu 'pa,s,
2,2f,parA.pontudo,bango,b~a-go,s,
2,2g,parA.pontudo,Cruek,kru-'e-ki,n,outro
2,2h,parA.pontudo,Camide,ka-'mi-de,s,
2,2i,parA.pontudo,Datuh,da-tuh,n,ortografia
2,2j,parA.pontudo,exporpra,eS-'poR-pra,s,
2,2k,parA.pontudo,Explosão,es-plo-'z~aw,n,palavra do pb
2,2l,parA.pontudo,Danlieo,d~a-li-'e-o,s,
2,2m,parA.pontudo,Bomte,b~o-te,s,
2,2n,parA.pontudo,Criloma,kri-'lo-ma,s,
2,2o,parA.pontudo,Peque,pe-ke,s,
2,2p,parA.pontudo,Quefisseri,ke-fi-se-'ri,s,
2,2q,parA.pontudo,Crápide,kra-pi-de,s,
2,2r,parA.pontudo,Fricodo,fri-'ko-do,s,
2,2s,parA.pontudo,tuluco,tu-'lu-ko,s,
2,2t,parA.pontudo,Capontitas,ka-p~o-'ti-tas,s,
2,2u,parA.pontudo,Tenaco,te-'na-ko,s,
2,2v,parA.pontudo,Explosigudas,es-plo-zi-'gu-das,n,palavra do pb
2,2w,parA.pontudo,Fiuíp,fiw-'i-pi,n,outro
2,2y,parA.pontudo,Bejunto,be-'Z~u-to,s,
2,2z,parA.pontudo,Plaustivelderado,plaws-ti-vew-de-'ra-do,n,outro
2,2aa,parA.pontudo,croncni,kr~o-ki-'ni,n,outro
2,2bb,parA.pontudo,Exploreta,es-plo-'re-ta,n,palavra do pb
2,2dd,parA.pontudo,braca,bra-ka,s,
2,2ee,parA.pontudo,britio,bri-'tio,s,
2,2ff,parA.pontudo,Traca,tra-ka,s,
2,2gg,parA.pontudo,gaban,ga-b~a,s,
2,2hh,parA.pontudo,trisa,tri-za,s,
2,2ii,parA.pontudo,Poglafaco,po-gla-'fa-ko,s,
2,2jj,parA.pontudo,bazitre,ba-'zi-tre,s,
2,2a,parA.redondo,Medongue,me-'d~o-ge,s,
2,2b,parA.redondo,Pinonha,pi-'no-Na,s,
2,2c,parA.redondo,Cotrederado,ko-tre-de-'ra-do,s,
2,2d,parA.redondo,fogolo,fo-'go-lo,s,
2,2e,parA.redondo,zlup tutu,zlu-pi tu-'tu,n,outro
2,2f,parA.redondo,falora,fa-'lo-ra,s,
2,2g,parA.redondo,Linguie,l~i-'gi-e,s,
2,2h,parA.redondo,Goluli,go-lu-'li,s,
2,2i,parA.redondo,Bulerim,bu-le-'r~i,s,
2,2j,parA.redondo,expomblo,eS-'p~o-blo,s,
2,2k,parA.redondo,Flor,floR,n,palavra do pb
2,2l,parA.redondo,Amiea,a-mi-'e-a,s,
2,2m,parA.redondo,Prinido,pri-'ni-do,s,
2,2n,parA.redondo,Minoma,mi-'no-ma,s,
2,2o,parA.redondo,Monsco,m~os-ko,s,
2,2p,parA.redondo,Fagavora,fa-ga-'vo-ra,s,
2,2q,parA.redondo,Viel,vi-'ew,s,
2,2r,parA.redondo,Miuquê,miw-'ke,s,
2,2s,parA.redondo,runca,h~u-ka,s,
2,2t,parA.redondo,nufufu,nu-fu-'fu,s,
2,2u,parA.redondo,Coloto,ko-'lo-to,s,
2,2v,parA.redondo,Amebafazes,a-me-ba-'fa-zes,s,
2,2w,parA.redondo,Crequelec,kre-ke-'le-c,s,
2,2y,parA.redondo,Polincas,po-'l~i-kas,s,
2,2z,parA.redondo,Mobumabimostinino,mo-bu-ma-bi-mos-ti-'ni-no,n,outro
2,2aa,parA.redondo,ovaluna,o-va-'lu-na,s,
2,2bb,parA.redondo,Crocalador,kro-ka-la-'doR,s,
2,2dd,parA.redondo,lombe,l~o-be,s,
2,2ee,parA.redondo,univo,u-'ni-vo,s,
2,2ff,parA.redondo,Melbi,mew-'bi,s,
2,2gg,parA.redondo,incobrio,~i-ko-'brio,s,
2,2hh,parA.redondo,omuna,o-'mu-na,s,
2,2ii,parA.redondo,Teragolhito,te-ra-go-'Li-to,s,
2,2jj,parA.redondo,anluna,~a-'lu-na,s,
2,2a,parB.pontudo,Bridoquê,bri-do-'ke,s,
2,2b,parB.pontudo,Ondonto,~o-'d~o-to,s,
2,2c,parB.pontudo,Asprado,as-'pra-do,s,
2,2d,parB.pontudo,créf,kre-fi,n,outro
2,2e,parB.pontudo,zibzibzib,zi-bi-zi-bi-'zi-bi,n,onomatopeia
2,2f,parB.pontudo,meba,me-ba,s,
2,2g,parB.pontudo,Tracuia,tra-'kuja,s,
2,2h,parB.pontudo,Kolumei,ko-lu-'mej,s,
2,2i,parB.pontudo,Olandriu,o-l~a-'driw,s,
2,2j,parB.pontudo,guzizata,gu-zi-'za-ta,s,
2,2k,parB.pontudo,Miojo kk,mi-'o-Zo 'ki-ki,n,palavra do pb
2,2l,parB.pontudo,Siul,si'uw,s,
2,2m,parB.pontudo,Friste,fris-te,s,
2,2n,parB.pontudo,Guritégo,gu-ri-'te-go,s,
2,2o,parB.pontudo,Ligueligue,li-ge-'li-ge,s,
2,2p,parB.pontudo,Susuçaba,su-zu-'sa-ba,s,
2,2q,parB.pontudo,Crisite,kri-'zi-te,s,
2,2r,parB.pontudo,Quizá,ki-'za,s,
2,2s,parB.pontudo,lestasa,les-'ta-za,s,
2,2t,parB.pontudo,Mimaco,mi-'ma-ko,s,
2,2u,parB.pontudo,Frizito,fri-'zi-to,s,
2,2v,parB.pontudo,Ilusondas,i-lu-'z~o-das,n,palavra do pb
2,2w,parB.pontudo,Trincele,tr~i-'se-le,s,
2,2y,parB.pontudo,Tricojom,tri-'ko-Z~o,s,
2,2z,parB.pontudo,Riristopononimadesmate,hi-ris-to-po-no-ni-ma-des-'ma-te,s,
2,2aa,parB.pontudo,zupi,zu-'pi,s,
2,2bb,parB.pontudo,Réliz,he-lis,s,
2,2dd,parB.pontudo,zizizi,zi-zi-'zi,s,
2,2ee,parB.pontudo,respe,hes-pe,s,
2,2ff,parB.pontudo,Tree,tre-e,n,outro
2,2gg,parB.pontudo,conda,k~o-da,s,
2,2hh,parB.pontudo,minono,mi-'no-no,s,
2,2ii,parB.pontudo,Vomarim,vo-ma-'r~i,s,
2,2jj,parB.pontudo,zimbaska,z~i-'bas-ka,s,
2,2a,parB.redondo,Cemptróquio,s~e-pi-'tro-kio,s,
2,2b,parB.redondo,Firculito,fiR-ku-'li-to,s,
2,2c,parB.redondo,Gule,gu-le,s,
2,2d,parB.redondo,guoul,gu'ouw,n,ortografia
2,2e,parB.redondo,vlooo,vlo-'o-o,n,outro
2,2f,parB.redondo,xírena,Si-re-na,s,
2,2g,parB.redondo,Bleu,blew,s,
2,2h,parB.redondo,Vom,v~o,s,
2,2i,parB.redondo,Qaguikê,qa-gi-'ke,s,
2,2j,parB.redondo,xitaca,Si-'ta-ka,s,
2,2k,parB.redondo,Hipnose,i-pi-'no-ze,n,palavra do pb
2,2l,parB.redondo,Azuos,a-'zu-os,s,
2,2m,parB.redondo,Solite,so-'li-te,s,
2,2n,parB.redondo,Zotrúia,zo-'tru-ia,s,
2,2o,parB.redondo,Marto,maR-to,s,
2,2p,parB.redondo,Marameru,ma-ra-me-'ru,s,
2,2q,parB.redondo,Lambelgo,l~a-'bew-go,s,
2,2r,parB.redondo,Blonte,bl~o-te,s,
2,2s,parB.redondo,gualum,gwa-'l~u,s,
2,2t,parB.redondo,Cofibune,ko-fi-'bu-ne,s,
2,2u,parB.redondo,Gatarca,ga-'taR-ka,s,
2,2v,parB.redondo,Ilucirculos,i-lu-siR-'ku-los,n,palavra do pb
2,2w,parB.redondo,Tanani,ta-na-'ni,s,
2,2y,parB.redondo,Colivus,ko-li-'vus,s,
2,2z,parB.redondo,Ciciutinamidastirena,si-siw-ti-na-mi-das-ti-'re-na,s,
2,2aa,parB.redondo,colunu,ko-lu-'nu,s,
2,2bb,parB.redondo,Tontorizador,t~o-to-ri-za-'doR,n,palavra do pb
2,2dd,parB.redondo,ombom,~o-b~o,s,
2,2ee,parB.redondo,jinomini,Zi-no-mi-'ni,s,
2,2ff,parB.redondo,Zull,zuw,n,ortografia
2,2gg,parB.redondo,azonzô,a-z~o-'zo,s,
2,2hh,parB.redondo,otime,o-'ti-me,s,
2,2ii,parB.redondo,Prareslofe,pra-res-'lo-fe,s,
2,2jj,parB.redondo,pasfuca,pas-'fu-ka,s,
2,2a,parC.pontudo,Sucuiute,su-ku-'iw-te,s,
2,2b,parC.pontudo,Larito,la-'ri-to,s,
2,2c,parC.pontudo,Capatinbola,ka-pa-t~i-'bo-la,n,palavra do pb
2,2d,parC.pontudo,vreior,vrej-'oR,s,
2,2e,parC.pontudo,patuta,pa-'tu-ta,s,
2,2f,parC.pontudo,esfríce,es-'fri-se,s,
2,2g,parC.pontudo,Tative,ta-'ti-ve,s,
2,2h,parC.pontudo,Faboz,fa-'bos,s,
2,2i,parC.pontudo,Hizás,i-'zas,s,
2,2j,parC.pontudo,vixega,vi-'Se-ga,s,
2,2k,parC.pontudo,Frango geométrico,fr~a-go Ze-o-'me-tri-ko,n,palavra do pb
2,2l,parC.pontudo,Epilef,e-pi-'le-fi,n,outro
2,2m,parC.pontudo,Atele,a-'te-le,s,
2,2n,parC.pontudo,Furúio,fu-'ru-io,s,
2,2o,parC.pontudo,Bron,br~o,s,
2,2p,parC.pontudo,Papepona,pa-pe-'po-na,s,
2,2q,parC.pontudo,Chápide,Sa-pi-de,s,
2,2r,parC.pontudo,Muntatê,m~u-ta-'te,s,
2,2s,parC.pontudo,pinjas,p~i-Zas,s,
2,2t,parC.pontudo,Cocemebo,ko-se-'me-bo,s,
2,2u,parC.pontudo,Quelato,ke-'la-to,s,
2,2v,parC.pontudo,Raposogudo,ha-po-zo-'gu-do,s,
2,2w,parC.pontudo,Hiupa,iw-pa,s,
2,2y,parC.pontudo,Maba,ma-ba,s,
2,2z,parC.pontudo,Quespajenidaderisaneis,kes-pa-Ze-ni-da-de-ri-za-'nejs,n,
2,2aa,parC.pontudo,cavitri,ka-vi-'tri,s,
2,2bb,parC.pontudo,Picauí,pi-kaw-'i,s,
2,2dd,parC.pontudo,guta,gu-ta,s,
2,2ee,parC.pontudo,tisocu,ti-zo-'ku,s,
2,2ff,parC.pontudo,Ladih,la-dih,n,ortografia
2,2gg,parC.pontudo,mirambo,mi-'r~a-bo,s,
2,2hh,parC.pontudo,trariti,tra-ri-'ti,s,
2,2ii,parC.pontudo,Fateloze,fa-te-'lo-ze,s,
2,2jj,parC.pontudo,ximbusqui,S~i-bus-'ki,s,
2,2a,parC.redondo,Pendoguio,p~e-do-'gio,s,
2,2b,parC.redondo,Boejo,bo-'e-Zo,s,
2,2c,parC.redondo,Loioja,loj-'o-Za,s,
2,2d,parC.redondo,nume,nu-me,s,
2,2e,parC.redondo,glob,glo-bi,n,outro
2,2f,parC.redondo,holobato,o-lo-'ba-to,s,
2,2g,parC.redondo,Tayumi,taju-'mi,n,ortografia
2,2h,parC.redondo,Gajião,ga-Zi-'~aw,s,
2,2i,parC.redondo,Guver,gu-'veR,s,
2,2j,parC.redondo,patamolo,pa-ta-'mo-lo,s,
2,2k,parC.redondo,Dinossauro,di-no-'saw-ro,n,palavra do pb
2,2l,parC.redondo,Serip,se-'ri-pi,n,outro
2,2m,parC.redondo,Lomiste,lo-'mis-te,s,
2,2n,parC.redondo,Burulo,bu-'ru-lo,s,
2,2o,parC.redondo,Sauco,saw-ko,s,
2,2p,parC.redondo,Dorrefifo,do-he-'fi-fo,s,
2,2q,parC.redondo,Blocal,blo-'kaw,s,
2,2r,parC.redondo,Clepô,kle-'po,s,
2,2s,parC.redondo,salu,sa-'lu,s,
2,2t,parC.redondo,Dilasefo,di-la-'ze-fo,s,
2,2u,parC.redondo,Bolata,bo-'la-ta,s,
2,2v,parC.redondo,Amebossauro,a-me-bo-'saw-ro,n,palavra do pb
2,2w,parC.redondo,Uhali,ua-'li,n,ortografia
2,2y,parC.redondo,Dilesques,di-'les-kes,s,
2,2z,parC.redondo,Poulounavinade,pow-low-na-vi-'na-de,n,outro
2,2aa,parC.redondo,corlimu,koR-li-'mu,s,
2,2bb,parC.redondo,Dinomon,di-'no-m~o,s,
2,2dd,parC.redondo,conse,k~o-se,s,
2,2ee,parC.redondo,faliso,fa-'li-zo,s,
2,2ff,parC.redondo,Conolu,ko-no-'lu,s,
2,2gg,parC.redondo,ochondro,o-'S~o-dro,s,
2,2hh,parC.redondo,polamo,po-'la-mo,s,
2,2ii,parC.redondo,Folmarvo,fow-'maR-vo,s,
2,2jj,parC.redondo,nazimba,na-'z~i-ba,s,
2,2a,parD.pontudo,Laduspo,la-'dus-po,s,
2,2b,parD.pontudo,Cipite,si-'pi-te,s,
2,2c,parD.pontudo,Plunamo,plu-'na-mo,s,
2,2d,parD.pontudo,istici,is-ti-'si,s,
2,2e,parD.pontudo,zium,zi-'~u,s,
2,2f,parD.pontudo,plino,pli-no,s,
2,2g,parD.pontudo,Aahe,a-ae,n,ortografia
2,2h,parD.pontudo,Dispa,dis-pa,s,
2,2i,parD.pontudo,Xitono,Si-'to-no,s,
2,2j,parD.pontudo,estadina,es-ta-'di-na,s,
2,2k,parD.pontudo,Ano novo,a-no 'no-vo,n,palavra do pb
2,2l,parD.pontudo,Finie,fi-'ni-e,s,
2,2m,parD.pontudo,Pring,pr~i,n,outro
2,2n,parD.pontudo,Tábix,ta-biS,s,
2,2o,parD.pontudo,Mirca,miR-ka,s,
2,2p,parD.pontudo,Corcorena,koR-ko-'re-na,s,
2,2q,parD.pontudo,Prosal,pro-'zaw,s,
2,2r,parD.pontudo,Chatla,Sa-tla,s,
2,2s,parD.pontudo,iulta,i-'uw-ta,s,
2,2t,parD.pontudo,piselu,pi-ze-'lu,s,
2,2u,parD.pontudo,Fritoca,fri-'to-ka,s,
2,2v,parD.pontudo,Brilhineador,bri-Li-ne-a-'doR,n,palavra do pb
2,2w,parD.pontudo,Plec,ple-c,n,ortografia
2,2y,parD.pontudo,Narcom,naR-k~o,s,
2,2z,parD.pontudo,Istiquinarininira,is-ti-ki-na-ri-ni-'ni-ra,n,outro
2,2aa,parD.pontudo,brino,bri-no,s,
2,2bb,parD.pontudo,Luzeta,lu-'ze-ta,s,
2,2dd,parD.pontudo,fisco,fis-ko,s,
2,2ee,parD.pontudo,tirosa,ti-'ro-za,s,
2,2ff,parD.pontudo,Ciila,si-'i-la,n,ortografia
2,2gg,parD.pontudo,tossolar,to-so-'laR,s,
2,2hh,parD.pontudo,estolico,es-to-'li-ko,s,
2,2ii,parD.pontudo,Fribelaso,fri-be-'la-zo,s,
2,2jj,parD.pontudo,ritoze,hi-'to-ze,s,
2,2a,parD.redondo,Varingo,va-'r~i-go,s,
2,2b,parD.redondo,Tortonho,toR-'to-No,s,
2,2c,parD.redondo,Serequecoia,se-re-ke-'koj-a,s,
2,2d,parD.redondo,xúan,Su-~a,s,
2,2e,parD.redondo,vlau,vlaw,s,
2,2f,parD.redondo,carágura,ka-'ra-gu-ra,s,
2,2g,parD.redondo,Vraoum,vra-'~ow,s,
2,2h,parD.redondo,Baio,baj-o,s,
2,2i,parD.redondo,Suupyh,suu-pih,n,outro
2,2j,parD.redondo,unimelo,u-ni-'me-lo,s,
2,2k,parD.redondo,Ventilador,v~e-ti-la-'doR,n,palavra do pb
2,2l,parD.redondo,Ataro,a-'ta-ro,s,
2,2m,parD.redondo,Suash,su-'a-S,n,outro
2,2n,parD.redondo,Janix,Za-niS,s,
2,2o,parD.redondo,Entiu,~e-'tiw,s,
2,2p,parD.redondo,Pitulana,pi-tu-'la-na,s,
2,2q,parD.redondo,Enol,e-'now,s,
2,2r,parD.redondo,Ispamba,is-'p~a-ba,s,
2,2s,parD.redondo,caru,ka-'ru,s,
2,2t,parD.redondo,Rocará,ho-ka-'ra,s,
2,2u,parD.redondo,Caloto,ka-'lo-to,s,
2,2v,parD.redondo,Redemolinhas,he-de-mo-'li-Nas,n,palavra do pb
2,2w,parD.redondo,Fiiiu,fiiiw,n,outro
2,2y,parD.redondo,Marlumpa,maR-'l~u-pa,s,
2,2z,parD.redondo,Suassevaristinave,su-a-se-va-ris-ti-'na-ve,n,outro
2,2aa,parD.redondo,tufono,tu-'fo-no,s,
2,2bb,parD.redondo,Tunil,tu-'niw,s,
2,2dd,parD.redondo,bolum,bo-'l~u,s,
2,2ee,parD.redondo,reman,he-m~a,s,
2,2ff,parD.redondo,Omolu,o-mo-'lu,s,
2,2gg,parD.redondo,rogínuo,ho-'Zi-nu-o,s,
2,2hh,parD.redondo,sinuana,si-nu-'a-na,s,
2,2ii,parD.redondo,Taripeso,ta-ri-'pe-zo,s,
2,2jj,parD.redondo,druma,dru-ma,s,
2,2a,parE.redondo,Prifa,pri-fa,s,
2,2b,parE.redondo,Relido,he-'li-do,s,
2,2c,parE.redondo,Mismigloia,mis-mi-'gloj-a,s,
2,2d,parE.redondo,ioner,i-o-'neR,s,
2,2e,parE.redondo,mouom,mow~o,s,
2,2f,parE.redondo,nabro,na-bro,s,
2,2g,parE.redondo,Vlow,vlo-w,n,ortografia
2,2h,parE.redondo,Yahue,iawe,n,ortografia
2,2i,parE.redondo,Folyu,fo-'liw,n,ortografia
2,2j,parE.redondo,glovamor,glo-va-'moR,n,palavra do pb
2,2k,parE.redondo,Peixinho,pej-'Si-No,n,palavra do pb
2,2l,parE.redondo,Lertico,leR-'ti-ko,s,
2,2m,parE.redondo,Untico,~u-'ti-ko,s,
2,2n,parE.redondo,Satrúvono,sa-'tru-vo-no,s,
2,2o,parE.redondo,Ontru,~o-'tru,s,
2,2p,parE.redondo,Gigoragora,Zi-go-ra-'go-ra,s,
2,2q,parE.redondo,Loil,lojw,s,
2,2r,parE.redondo,Corato,ko-'ra-to,s,
2,2s,parE.redondo,ortus,oR-'tus,s,
2,2t,parE.redondo,Neinefi,nej-ne-'fi,s,
2,2u,parE.redondo,Fagomo,fa-'go-mo,s,
2,2v,parE.redondo,Trevodondo,tre-vo-'d~o-do,s,
2,2w,parE.redondo,Xiup,Siw-pi,n,ortografia
2,2y,parE.redondo,Estimpufros,es-t~i-'pu-fros,s,
2,2z,parE.redondo,Liolismaxumina,li-o-lis-ma-Su-'mi-na,n,outro
2,2aa,parE.redondo,arcno,aR-ki-no,n,outro
2,2bb,parE.redondo,Linhoral,li-No-'raw,s,
2,2dd,parE.redondo,lumo,lu-mo,s,
2,2ee,parE.redondo,hojumo,o-'Zu-mo,s,
2,2ff,parE.redondo,Novul,no-'vuw,s,
2,2gg,parE.redondo,flunar,flu-'naR,s,
2,2hh,parE.redondo,molunas,mo-'lu-nas,s,
2,2ii,parE.redondo,Redocari,he-do-ka-'ri,s,
2,2jj,parE.redondo,palasca,pa-'las-ka,s,
2,2a,parE.pontudo,Ráscote,has-ko-te,s,
2,2b,parE.pontudo,Iscra,is-kra,s,
2,2c,parE.pontudo,Catrirabibe,ka-tri-ra-'bi-be,s,
2,2d,parE.pontudo,zás-zál,zas 'zaw,s,
2,2e,parE.pontudo,tiatu,ti-a-'tu,s,
2,2f,parE.pontudo,équeli,e-ke-li,s,
2,2g,parE.pontudo,Puerer,pu-e-'reR,s,
2,2h,parE.pontudo,Zema,ze-ma,s,
2,2i,parE.pontudo,Resnin,hes-'n~i,s,
2,2j,parE.pontudo,gitexa,Zi-'te-Sa,s,
2,2k,parE.pontudo,Estrela que deu errado,es-'tre-la ke 'dew e-'ha-do,n,palavra do pb
2,2l,parE.pontudo,Gangelico,g~a-Ze-'li-ko,s,
2,2m,parE.pontudo,Tropim,tro-'p~i,s,
2,2n,parE.pontudo,Conítero,ko-'ni-te-ro,s,
2,2o,parE.pontudo,Crifa,kri-fa,s,
2,2p,parE.pontudo,Humelado,u-me-'la-do,s,
2,2q,parE.pontudo,Zípede,zi-pe-de,s,
2,2r,parE.pontudo,Castuta,kas-'tu-ta,s,
2,2s,parE.pontudo,lampa,l~a-pa,s,
2,2t,parE.pontudo,Gicofapo,Zi-ko-'fa-po,s,
2,2u,parE.pontudo,Pocatu,po-ka-'tu,s,
2,2v,parE.pontudo,Pessoguda,pe-so-'gu-da,s,
2,2w,parE.pontudo,Zapiu,za-'piw,s,
2,2y,parE.pontudo,Necofem,ne-'ko-f~e,s,
2,2z,parE.pontudo,Restititusrininas,hes-ti-ti-tus-hi-'ni-nas,n,outro
2,2aa,parE.pontudo,trinune,tri-'nu-ne,s,
2,2bb,parE.pontudo,So consigo pensar em estrela <U+0001F92D>,so k~o-'si-go p~e-'saR ~e es-'tre-la <u+0001f92d>,n,palavra do pb
2,2dd,parE.pontudo,trima,tri-ma,s,
2,2ee,parE.pontudo,komi,ko-'mi,s,
2,2ff,parE.pontudo,Lidri,li-'dri,s,
2,2gg,parE.pontudo,topelo,to-'pe-lo,s,
2,2hh,parE.pontudo,artesqui,aR-tes-'ki,n,palavra do pb
2,2ii,parE.pontudo,Vestrisnam,ves-'tris-n~a,s,
2,2jj,parE.pontudo,tritoscu,tri-tos-'ku,s,
2,2a,parF.pontudo,Rapito,ha-'pi-to,s,
2,2b,parF.pontudo,Parelo,pa-'re-lo,s,
2,2c,parF.pontudo,Sacralo,sa-'kra-lo,s,
2,2d,parF.pontudo,éqzar,e-q-zaR,n,ortografia
2,2e,parF.pontudo,zutim,zu-'t~i,s,
2,2f,parF.pontudo,lasa,la-za,s,
2,2g,parF.pontudo,Pling,pl~i,n,outro
2,2h,parF.pontudo,Andex,~a-deS,s,
2,2i,parF.pontudo,Trilisa,tri-'li-za,s,
2,2j,parF.pontudo,esquazizap,es-kwa-zi-'za-pi,n,outro
2,2k,parF.pontudo,Cristal,kris-'taw,n,palavra do pb
2,2l,parF.pontudo,Leriae,le-ri-'a-e,s,
2,2m,parF.pontudo,Troc,tro-c,n,outro
2,2n,parF.pontudo,Tritóide,tri-'toj-de,s,
2,2o,parF.pontudo,Chito,ki-to,s,
2,2p,parF.pontudo,Esdeadio,es-de-a-'dio,s,
2,2q,parF.pontudo,Crístide,kris-ti-de,s,
2,2r,parF.pontudo,Funtadi,f~u-ta-'di,s,
2,2s,parF.pontudo,faica,faj-ka,s,
2,2t,parF.pontudo,Ventiqui,v~e-ti-'ki,s,
2,2u,parF.pontudo,Frivoto,fri-'vo-to,s,
2,2v,parF.pontudo,Triangleta,tri-~a-'gle-ta,n,palavra do pb
2,2w,parF.pontudo,Trililin,tri-li-'l~i,s,
2,2y,parF.pontudo,Juper,Zu-'peR,s,
2,2z,parF.pontudo,Uivaragra,uj-va-'ra-gra,s,
2,2aa,parF.pontudo,triletu,tri-le-'tu,s,
2,2bb,parF.pontudo,Tribilos,tri-'bi-los,s,
2,2dd,parF.pontudo,pintaco,p~i-'ta-ko,s,
2,2ee,parF.pontudo,premine,pre-'mi-ne,s,
2,2ff,parF.pontudo,Tradiz,tra-'dis,s,
2,2gg,parF.pontudo,azuzo,a-'zu-zo,s,
2,2hh,parF.pontudo,Traque,tra-ke,s,
2,2ii,parF.pontudo,Vampidotre,v~a-pi-'do-tre,s,
2,2jj,parF.pontudo,patrita,pa-'tri-ta,s,
2,2a,parF.redondo,Iolago,i-o-'la-go,s,
2,2b,parF.redondo,Virite,vi-'ri-te,s,
2,2c,parF.redondo,Caldequisto,kaw-de-'kis-to,s,
2,2d,parF.redondo,tôum,towm,s,
2,2e,parF.redondo,pleõ,ple-'~o,s,
2,2f,parF.redondo,biruba,bi-'ru-ba,s,
2,2g,parF.redondo,Tauya,tawja,n,ortografia
2,2h,parF.redondo,Tandala,t~a-'da-la,s,
2,2i,parF.redondo,Grenulum,gre-nu-'l~u,s,
2,2j,parF.redondo,curvalula,kuR-va-'lu-la,s,
2,2k,parF.redondo,Rio,hio,n,palavra do pb
2,2l,parF.redondo,Dalio,da-'lio,s,
2,2m,parF.redondo,Ontom,~o-t~o,s,
2,2n,parF.redondo,Brilula,bri-'lu-la,s,
2,2o,parF.redondo,Aume,aw-me,s,
2,2p,parF.redondo,Oceacro,o-se-'a-kro,s,
2,2q,parF.redondo,Olol,o-'low,s,
2,2r,parF.redondo,Cloidê,kloj-'de,s,
2,2s,parF.redondo,palingo,pa-'l~i-go,s,
2,2t,parF.redondo,Marcorron,maR-'ko-h~o,s,
2,2u,parF.redondo,Rolamado,ho-la-'ma-do,s,
2,2v,parF.redondo,Olhovini,o-Lo-vi-'ni,n,palavra do pb
2,2w,parF.redondo,Vuusmi,vuus-'mi,n,ortografia
2,2y,parF.redondo,Vaixo,vaj-So,s,
2,2z,parF.redondo,Esbeledeverdereadre,es-be-le-de-veR-de-re-'a-dre,n,outro
2,2aa,parF.redondo,conva,k~o-va,s,
2,2bb,parF.redondo,Belotos,be-'lo-tos,s,
2,2dd,parF.redondo,lambela,l~a-'be-la,s,
2,2ee,parF.redondo,caburu,ka-bu-'ru,s,
2,2ff,parF.redondo,Unuli,u-nu-'li,s,
2,2gg,parF.redondo,songo,s~o-go,s,
2,2hh,parF.redondo,Gorlas,goR-las,s,
2,2ii,parF.redondo,Voilarove,voj-la-'ro-ve,s,
2,2jj,parF.redondo,colusca,ko-'luS-ka,s,