"participantes","par","nomes","transcript"
"1d","parA.pontudo","Otil","o-'tiw"
"1e","parA.pontudo","Explosário","es-plo-'za-rio"
"1f","parA.pontudo","Figoro","fi-'go-ro"
"1g","parA.pontudo","Blafithi","bla-fi-'ti"
"1i","parA.pontudo","cabum","ka-'b~u"
"1j","parA.pontudo","Carmasta","kaR-'mas-ta"
"1l","parA.pontudo","Foltelhe","fow-'te-Le"
"1m","parA.pontudo","Craclecri","kra-kle-'kri"
"1n","parA.pontudo","Palashi","pa-la-'Si"
"1o","parA.pontudo","fortum","foR-'t~u"
"1p","parA.pontudo","Vinipa","vi-'ni-pa"
"1q","parA.pontudo","Turbula","tuR-'bu-la"
"1r","parA.pontudo","Tchapluti","tSa-plu-'ti"
"1s","parA.pontudo","clapatára","kla-pa-'ta-ra"
"1t","parA.pontudo","firialis","fi-ri-a-'lis"
"1v","parA.pontudo","Implito","~i-'pli-to"
"1w","parA.pontudo","Kibungo","ki-'b~u-go"
"1x","parA.pontudo","Botugança","bo-tu-'g~a-sa"
"1aa","parA.pontudo","Plago","pla-go"
"1bb","parA.pontudo","Ixiquitiajo","i-Si-ki-ti-'a-Zo"
"1cc","parA.pontudo","Bracção","bra-ki-'s~aw"
"1ff","parA.pontudo","vipesta","vi-'pes-ta"
"1gg","parA.pontudo","pona","po-na"
"1hh","parA.pontudo","Esleto","es-'le-to"
"1c","parA.redondo","Plastina","plas-'ti-na"
"1d","parA.redondo","Subano","su-'ba-no"
"1e","parA.redondo","Celutório","se-lu-'to-rio"
"1f","parA.redondo","Cetudo","se-'tu-do"
"1g","parA.redondo","Claqui","kla-'ki"
"1j","parA.redondo","Puno","pu-no"
"1l","parA.redondo","Gurronba","gu-'h~o-ba"
"1m","parA.redondo","Sulusbanate","su-lus-ba-'na-te"
"1n","parA.redondo","Colinga","ko-'l~i-ga"
"1o","parA.redondo","belpis","bew-'pis"
"1p","parA.redondo","Crinoma","kri-'no-ma"
"1q","parA.redondo","Uta","u-ta"
"1r","parA.redondo","Groffe","gro-fe"
"1s","parA.redondo","vunheco","vu-'Ne-ko"
"1t","parA.redondo","gongordol","g~o-goR-'dow"
"1v","parA.redondo","Recusto","he-'kus-to"
"1w","parA.redondo","Anomassopéla","a-no-ma-so-'pe-la"
"1aa","parA.redondo","Gofu","go-'fu"
"1cc","parA.redondo","Glolus","glo-'lus"
"1ee","parA.redondo","Inaforme","i-na-'foR-me"
"1ff","parA.redondo","malô","ma-'lo"
"1gg","parA.redondo","cacur","ka-'kuR"
"1hh","parA.redondo","Isral","is-'haw"
"1jj","parA.redondo","Loundin","lown-'d~i"
"1c","parB.pontudo","Zum","z~u"
"1d","parB.pontudo","Norado","no-'ra-do"
"1f","parB.pontudo","Pale","pa-le"
"1g","parB.pontudo","Rem Rem","h~e h~e"
"1j","parB.pontudo","Nirilo","ni-'ri-lo"
"1l","parB.pontudo","Lafasbo","la-'fas-bo"
"1m","parB.pontudo","Rinfi","h~i-'fi"
"1n","parB.pontudo","Risa","hi-za"
"1o","parB.pontudo","risa","hi-za"
"1p","parB.pontudo","Codrinem","ko-'dri-n~e"
"1q","parB.pontudo","Esquerre","es-'ke-he"
"1r","parB.pontudo","Nersso","neR-so"
"1s","parB.pontudo","vislanvo","vis-'l~a-vo"
"1t","parB.pontudo","trifu","tri-'fu"
"1w","parB.pontudo","Grilir","gri-'liR"
"1x","parB.pontudo","Estirandola","es-ti-r~a-'do-la"
"1aa","parB.pontudo","Zizo","zi-zo"
"1bb","parB.pontudo","Kri","kri"
"1cc","parB.pontudo","Visaro","vi-'za-ro"
"1dd","parB.pontudo","Triza","tri-za"
"1ee","parB.pontudo","Zigexto","zi-'ZeS-to"
"1ff","parB.pontudo","dangostil","d~a-gos-'tiw"
"1gg","parB.pontudo","conpom","k~o-p~o"
"1hh","parB.pontudo","Asral","as-'haw"
"1jj","parB.pontudo","Brinzim","br~i-'z~i"
"1c","parB.redondo","Brizina","bri-'zi-na"
"1d","parB.redondo","Curlo","kuR-lo"
"1e","parB.redondo","Hipnático","i-pi-'na-ti-ko"
"1f","parB.redondo","Equivox","e-'ki-voS"
"1h","parB.redondo","lola","lo-la"
"1l","parB.redondo","Casencha","ka-'z~e-Sa"
"1m","parB.redondo","Loiela","loj-'e-la"
"1n","parB.redondo","Profu","pro-'fu"
"1o","parB.redondo","cerius","se-'riws"
"1p","parB.redondo","Lorivo","lo-'ri-vo"
"1q","parB.redondo","Luvo","lu-vo"
"1r","parB.redondo","Careghuna","ka-re-'gu-na"
"1s","parB.redondo","zacro","za-kro"
"1t","parB.redondo","zombaté","z~o-ba-'te"
"1v","parB.redondo","Olusco","o-'lus-ko"
"1w","parB.redondo","Ôumini","ow-mi-ni"
"1aa","parB.redondo","Rodivo","ho-'di-vo"
"1cc","parB.redondo","Lionde","li-'~o-de"
"1dd","parB.redondo","Councli","kown-'kli"
"1ee","parB.redondo","Aspiracorte","as-pi-ra-'koR-te"
"1ff","parB.redondo","coruspitel","ko-rus-pi-'tew"
"1gg","parB.redondo","bune","bu-ne"
"1hh","parB.redondo","Ropelo","ho-'pe-lo"
"1jj","parB.redondo","Mounaim","mow-na-'~i"
"1c","parC.pontudo","Vanvon","v~a-v~o"
"1d","parC.pontudo","Oxal","o-'Saw"
"1e","parC.pontudo","Griteira","gri-'tej-ra"
"1f","parC.pontudo","Feugo","few-go"
"1g","parC.pontudo","Flamboe","fl~a-'bo-e"
"1j","parC.pontudo","Marvino","maR-'vi-no"
"1l","parC.pontudo","Chubrulo","Su-'bru-lo"
"1m","parC.pontudo","Quetoquiti","ke-to-ki-'ti"
"1n","parC.pontudo","Zia","zia"
"1o","parC.pontudo","crampo","kr~a-po"
"1p","parC.pontudo","Moratinhe","mo-ra-'ti-Ne"
"1q","parC.pontudo","Feressi","fe-re-'si"
"1s","parC.pontudo","iscrovunze","is-kro-'v~u-ze"
"1t","parC.pontudo","téfise","te-fi-ze"
"1v","parC.pontudo","Zimbapa","z~i-'ba-pa"
"1w","parC.pontudo","Esmufato","es-mu-'fa-to"
"1x","parC.pontudo","Treconcinto","tre-k~o-'s~i-to"
"1aa","parC.pontudo","Eridos","e-'ri-dos"
"1bb","parC.pontudo","Arkerto","aR-'keR-to"
"1cc","parC.pontudo","Pitaro","pi-'ta-ro"
"1dd","parC.pontudo","Griz","gris"
"1ee","parC.pontudo","Fantoforme","f~a-to-'foR-me"
"1ff","parC.pontudo","cavepe","ka-'ve-pe"
"1gg","parC.pontudo","roufam","how-f~a"
"1hh","parC.pontudo","Joile","Zoj-le"
"1jj","parC.pontudo","Cuenhos","ku-'e-Nos"
"1c","parC.redondo","Polten","pow-t~e"
"1d","parC.redondo","Esvil","es-'viw"
"1e","parC.redondo","Voalês","vo-a-'les"
"1f","parC.redondo","Ginoro","Zi-'no-ro"
"1g","parC.redondo","Blá","bla"
"1h","parC.redondo","maro","ma-ro"
"1i","parC.redondo","meteses","me-'te-zes"
"1j","parC.redondo","Mineu","mi-'new"
"1l","parC.redondo","Tebrofa","te-'bro-fa"
"1m","parC.redondo","Usmauba","us-'maw-ba"
"1n","parC.redondo","Teri","te-'ri"
"1o","parC.redondo","tiano","ti-'a-no"
"1p","parC.redondo","Blica","bli-ka"
"1q","parC.redondo","Adimo","a-'di-mo"
"1t","parC.redondo","angoldo","~a-'gow-do"
"1v","parC.redondo","Zedrata","ze-'dra-ta"
"1w","parC.redondo","Caligã","ka-li-'g~a"
"1x","parC.redondo","Ceriola","se-ri-'o-la"
"1aa","parC.redondo","Lapelu","la-pe-'lu"
"1bb","parC.redondo","Itipoltiun","i-ti-pow-ti-'~u"
"1cc","parC.redondo","Calisso","ka-'li-so"
"1dd","parC.redondo","Shisto","Sis-to"
"1ff","parC.redondo","sôntaro","s~o-ta-ro"
"1gg","parC.redondo","polcher","pow-'SeR"
"1hh","parC.redondo","Ekolia","e-ko-'lia"
"1jj","parC.redondo","Souplam","sow-pl~a"
"1c","parD.pontudo","Linix","li-niS"
"1d","parD.pontudo","Tembril","t~e-'briw"
"1f","parD.pontudo","Printoco","pr~i-'to-ko"
"1j","parD.pontudo","Bline","bli-ne"
"1l","parD.pontudo","Jizinja","Zi-'z~i-Za"
"1m","parD.pontudo","Bloumou","blow-'mow"
"1n","parD.pontudo","Litea","li-'te-a"
"1o","parD.pontudo","lurios","lu-'rios"
"1p","parD.pontudo","Plonino","plo-'ni-no"
"1q","parD.pontudo","Venula","ve-'nu-la"
"1s","parD.pontudo","Laci","la-'si"
"1t","parD.pontudo","caifá","kaj-'fa"
"1v","parD.pontudo","Tegelugo","te-Ze-'lu-go"
"1w","parD.pontudo","Kablim","ka-'bl~i"
"1x","parD.pontudo","Plubivita","plu-bi-'vi-ta"
"1aa","parD.pontudo","Plavi","pla-'vi"
"1bb","parD.pontudo","Ixfluri","iS-flu-'ri"
"1cc","parD.pontudo","Tilhar","ti-'LaR"
"1dd","parD.pontudo","Flispi","flis-'pi"
"1ff","parD.pontudo","ramatriz","ha-ma-'tris"
"1gg","parD.pontudo","rebri","he-'bri"
"1hh","parD.pontudo","Daledo","da-'le-do"
"1jj","parD.pontudo","Lissoim","li-so-'~i"
"1c","parD.redondo","Espirralto","es-pi-'haw-to"
"1e","parD.redondo","Limbático","l~i-'ba-ti-ko"
"1f","parD.redondo","Turquina","tuR-'ki-na"
"1h","parD.redondo","cane","ka-ne"
"1i","parD.redondo","chua","Sua"
"1j","parD.redondo","Rondeira","h~o-'dej-ra"
"1l","parD.redondo","Bigrufe","bi-'gru-fe"
"1m","parD.redondo","Suouso","su-'ow-zo"
"1n","parD.redondo","Trou","trow"
"1o","parD.redondo","vártice","vaR-ti-se"
"1p","parD.redondo","Tomeno","to-'me-no"
"1q","parD.redondo","Ura","u-ra"
"1r","parD.redondo","Achorbora","a-SoR-'bo-ra"
"1s","parD.redondo","iobenza","i-o-'b~e-za"
"1t","parD.redondo","zombo","z~o-bo"
"1v","parD.redondo","Assimpre","a-'s~i-pre"
"1x","parD.redondo","Quenioperça","ke-ni-o-'peR-sa"
"1aa","parD.redondo","Cliva","kli-va"
"1bb","parD.redondo","Ordo","oR-do"
"1cc","parD.redondo","Geseu","Ze-'zew"
"1dd","parD.redondo","Vispolim","vis-po-'l~i"
"1ee","parD.redondo","Ventiral","v~e-ti-'raw"
"1ff","parD.redondo","duviral","du-vi-'raw"
"1gg","parD.redondo","hevi","e-'vi"
"1hh","parD.redondo","Tatale","ta-'ta-le"
"1c","parE.redondo","Quargo","kwaR-go"
"1d","parE.redondo","Chaval","Sa-'vaw"
"1e","parE.redondo","Balônico","ba-'lo-ni-ko"
"1f","parE.redondo","Pixoca","pi-'So-ka"
"1g","parE.redondo","Zomzom","z~o-z~o"
"1h","parE.redondo","fulô","fu-'lo"
"1i","parE.redondo","plis","plis"
"1j","parE.redondo","Fonda","f~o-da"
"1l","parE.redondo","Prodilque","pro-'diw-ke"
"1m","parE.redondo","Baboba","ba-'bo-ba"
"1n","parE.redondo","Juni","Zu-'ni"
"1o","parE.redondo","conjur","k~o-'ZuR"
"1p","parE.redondo","Ziremitro","zi-re-'mi-tro"
"1q","parE.redondo","Absentiã","a-bi-s~e-ti-'~a"
"1s","parE.redondo","Copalanzio","ko-pa-l~a-'zio"
"1t","parE.redondo","undemol","~u-de-'mow"
"1v","parE.redondo","Jaculito","Za-ku-'li-to"
"1w","parE.redondo","Amagueri","a-ma-ge-'ri"
"1x","parE.redondo","Lifundio","li-f~u-'dio"
"1aa","parE.redondo","Ricula","hi-'ku-la"
"1bb","parE.redondo","Oueda","owe-da"
"1cc","parE.redondo","Bolum","bo-'l~u"
"1dd","parE.redondo","Ponjo","p~o-Zo"
"1ee","parE.redondo","Circundobre","siR-k~u-'do-bre"
"1ff","parE.redondo","bengul","b~e-'guw"
"1gg","parE.redondo","inder","~i-'deR"
"1hh","parE.redondo","Queler","ke-'leR"
"1jj","parE.redondo","Shoumo","Sow-mo"
"1c","parE.pontudo","Deslix","des-liS"
"1d","parE.pontudo","Orix","o-riS"
"1e","parE.pontudo","Tibetático","ti-be-'ta-ti-ko"
"1f","parE.pontudo","Nortuda","noR-'tu-da"
"1g","parE.pontudo","Zinzom","z~i-z~o"
"1h","parE.pontudo","derna","deR-na"
"1i","parE.pontudo","catu","ka-'tu"
"1j","parE.pontudo","Estrimo","es-'tri-mo"
"1l","parE.pontudo","Solxantre","sow-'S~a-tre"
"1m","parE.pontudo","Nonineno","no-ni-'ne-no"
"1n","parE.pontudo","Ovena","o-'ve-na"
"1o","parE.pontudo","laratá","la-ra-'ta"
"1p","parE.pontudo","Amispa","a-'mis-pa"
"1q","parE.pontudo","Caci","ka-'si"
"1r","parE.pontudo","salfa","saw-fa"
"1s","parE.pontudo","varelins","va-re-'l~is"
"1t","parE.pontudo","conculhi","k~o-ku-'Li"
"1v","parE.pontudo","Uliano","u-li-'a-no"
"1w","parE.pontudo","Prema","pre-ma"
"1x","parE.pontudo","Assucomato","a-su-ko-'ma-to"
"1aa","parE.pontudo","Ferila","fe-'ri-la"
"1bb","parE.pontudo","Iziquidin","i-zi-ki-'d~i"
"1cc","parE.pontudo","Tendilho","t~e-'di-Lo"
"1dd","parE.pontudo","Zikem","zi-k~e"
"1ff","parE.pontudo","diática","di-'a-ti-ka"
"1gg","parE.pontudo","pones","po-neS"
"1hh","parE.pontudo","Zoele","zo-'e-le"
"1jj","parE.pontudo","Esplam","es-pl~a"
"1c","parF.pontudo","Formadouro","foR-ma-'dow-ro"
"1d","parF.pontudo","livos","li-vos"
"1h","parF.pontudo","diano","di-'a-no"
"1i","parF.pontudo","pidata","pi-'da-ta"
"1j","parF.pontudo","tricanfe","tri-'k~a-fe"
"1l","parF.pontudo","tripeta","tri-'pe-ta"
"1m","parF.pontudo","grazina","gra-'zi-na"
"1n","parF.pontudo","emitilho","e-mi-'ti-Lo"
"1o","parF.pontudo","pirenu","pi-re-'nu"
"1p","parF.pontudo","blinztu","bl~is-'tu"
"1q","parF.pontudo","creniônis","kre-ni-'o-nis"
"1s","parF.pontudo","trinble","tr~i-ble"
"1t","parF.pontudo","reduodo","he-'du-odo"
"1w","parF.pontudo","patuskle","pa-'tus-kle"
"1x","parF.pontudo","ertento","eR-'t~e-to"
"1aa","parF.pontudo","frituê","fri-'tue"
"1bb","parF.pontudo","verpa","veR-pa"
"1dd","parF.pontudo","capangol","ka-p~a-'gow"
"1ee","parF.pontudo","badi","ba-'di"
"1ff","parF.pontudo","celeca","se-'le-ka"
"1gg","parF.pontudo","firimesis","fi-ri-me-'zis"
"1hh","parF.pontudo","cordam","koR-d~a"
"1jj","parF.pontudo","firimesis","fi-ri-me-'zis"
"1c","parF.redondo","oculpático","o-kuw-'pa-ti-ko"
"1d","parF.redondo","campurio","k~a-pu-'rio"
"1e","parF.redondo","ava","a-va"
"1f","parF.redondo","grena","gre-na"
"1g","parF.redondo","chaor","Sa-'oR"
"1h","parF.redondo","lineiro","li-'nej-ro"
"1i","parF.redondo","samala","sa-'ma-la"
"1j","parF.redondo","zucoltre","zu-'kow-tre"
"1l","parF.redondo","sucula","su-'ku-la"
"1m","parF.redondo","lamarte","la-'maR-te"
"1n","parF.redondo","querane","ke-'ra-ne"
"1o","parF.redondo","quazar","kwa-'zaR"
"1q","parF.redondo","etaminje","e-ta-'m~i-Ze"
"1r","parF.redondo","parcatô","paR-ka-'to"
"1s","parF.redondo","oitosa","oj-'to-za"
"1t","parF.redondo","blocado","blo-'ka-do"
"1w","parF.redondo","blenx","bl~e-S"
"1x","parF.redondo","valícete","va-'li-se-te"
"1aa","parF.redondo","lentrilo","l~e-'tri-lo"
"1bb","parF.redondo","banfe","b~a-fe"
"1cc","parF.redondo","cincunono","s~i-ku-'no-no"
"1dd","parF.redondo","estiróde","es-ti-'ro-de"
"1ee","parF.redondo","cirflu","siR-'flu"
"1ff","parF.redondo","lulete","lu-'le-te"
"1hh","parF.redondo","zuembra","zu-'~e-bra"
"1jj","parF.redondo","trombolenes","tr~o-bo-'le-nes"
"2a","parA.pontudo","Cracote","kra-'ko-te"
"2b","parA.pontudo","Poteco","po-'te-ko"
"2c","parA.pontudo","Gaplasteto","ga-plas-'te-to"
"2d","parA.pontudo","bumbei","b~u-'bej"
"2e","parA.pontudo","pentu pa","p~e-'tu 'pa"
"2f","parA.pontudo","bango","b~a-go"
"2h","parA.pontudo","Camide","ka-'mi-de"
"2j","parA.pontudo","exporpra","eS-'poR-pra"
"2l","parA.pontudo","Danlieo","d~a-li-'e-o"
"2m","parA.pontudo","Bomte","b~o-te"
"2n","parA.pontudo","Criloma","kri-'lo-ma"
"2o","parA.pontudo","Peque","pe-ke"
"2p","parA.pontudo","Quefisseri","ke-fi-se-'ri"
"2q","parA.pontudo","Crápide","kra-pi-de"
"2r","parA.pontudo","Fricodo","fri-'ko-do"
"2s","parA.pontudo","tuluco","tu-'lu-ko"
"2t","parA.pontudo","Capontitas","ka-p~o-'ti-tas"
"2u","parA.pontudo","Tenaco","te-'na-ko"
"2y","parA.pontudo","Bejunto","be-'Z~u-to"
"2dd","parA.pontudo","braca","bra-ka"
"2ee","parA.pontudo","britio","bri-'tio"
"2ff","parA.pontudo","Traca","tra-ka"
"2gg","parA.pontudo","gaban","ga-b~a"
"2hh","parA.pontudo","trisa","tri-za"
"2ii","parA.pontudo","Poglafaco","po-gla-'fa-ko"
"2jj","parA.pontudo","bazitre","ba-'zi-tre"
"2a","parA.redondo","Medongue","me-'d~o-ge"
"2b","parA.redondo","Pinonha","pi-'no-Na"
"2c","parA.redondo","Cotrederado","ko-tre-de-'ra-do"
"2d","parA.redondo","fogolo","fo-'go-lo"
"2f","parA.redondo","falora","fa-'lo-ra"
"2g","parA.redondo","Linguie","l~i-'gi-e"
"2h","parA.redondo","Goluli","go-lu-'li"
"2i","parA.redondo","Bulerim","bu-le-'r~i"
"2j","parA.redondo","expomblo","eS-'p~o-blo"
"2l","parA.redondo","Amiea","a-mi-'e-a"
"2m","parA.redondo","Prinido","pri-'ni-do"
"2n","parA.redondo","Minoma","mi-'no-ma"
"2o","parA.redondo","Monsco","m~os-ko"
"2p","parA.redondo","Fagavora","fa-ga-'vo-ra"
"2q","parA.redondo","Viel","vi-'ew"
"2r","parA.redondo","Miuquê","miw-'ke"
"2s","parA.redondo","runca","h~u-ka"
"2t","parA.redondo","nufufu","nu-fu-'fu"
"2u","parA.redondo","Coloto","ko-'lo-to"
"2w","parA.redondo","Crequelec","kre-ke-'le-c"
"2y","parA.redondo","Polincas","po-'l~i-kas"
"2aa","parA.redondo","ovaluna","o-va-'lu-na"
"2bb","parA.redondo","Crocalador","kro-ka-la-'doR"
"2dd","parA.redondo","lombe","l~o-be"
"2ee","parA.redondo","univo","u-'ni-vo"
"2ff","parA.redondo","Melbi","mew-'bi"
"2gg","parA.redondo","incobrio","~i-ko-'brio"
"2hh","parA.redondo","omuna","o-'mu-na"
"2ii","parA.redondo","Teragolhito","te-ra-go-'Li-to"
"2jj","parA.redondo","anluna","~a-'lu-na"
"2a","parB.pontudo","Bridoquê","bri-do-'ke"
"2b","parB.pontudo","Ondonto","~o-'d~o-to"
"2c","parB.pontudo","Asprado","as-'pra-do"
"2f","parB.pontudo","meba","me-ba"
"2g","parB.pontudo","Tracuia","tra-'kuja"
"2h","parB.pontudo","Kolumei","ko-lu-'mej"
"2i","parB.pontudo","Olandriu","o-l~a-'driw"
"2j","parB.pontudo","guzizata","gu-zi-'za-ta"
"2l","parB.pontudo","Siul","si'uw"
"2m","parB.pontudo","Friste","fris-te"
"2n","parB.pontudo","Guritégo","gu-ri-'te-go"
"2o","parB.pontudo","Ligueligue","li-ge-'li-ge"
"2p","parB.pontudo","Susuçaba","su-zu-'sa-ba"
"2q","parB.pontudo","Crisite","kri-'zi-te"
"2r","parB.pontudo","Quizá","ki-'za"
"2s","parB.pontudo","lestasa","les-'ta-za"
"2t","parB.pontudo","Mimaco","mi-'ma-ko"
"2u","parB.pontudo","Frizito","fri-'zi-to"
"2w","parB.pontudo","Trincele","tr~i-'se-le"
"2y","parB.pontudo","Tricojom","tri-'ko-Z~o"
"2aa","parB.pontudo","zupi","zu-'pi"
"2bb","parB.pontudo","Réliz","he-lis"
"2dd","parB.pontudo","zizizi","zi-zi-'zi"
"2ee","parB.pontudo","respe","hes-pe"
"2gg","parB.pontudo","conda","k~o-da"
"2hh","parB.pontudo","minono","mi-'no-no"
"2ii","parB.pontudo","Vomarim","vo-ma-'r~i"
"2jj","parB.pontudo","zimbaska","z~i-'bas-ka"
"2a","parB.redondo","Cemptróquio","s~e-pi-'tro-kio"
"2b","parB.redondo","Firculito","fiR-ku-'li-to"
"2c","parB.redondo","Gule","gu-le"
"2f","parB.redondo","xírena","Si-re-na"
"2g","parB.redondo","Bleu","blew"
"2h","parB.redondo","Vom","v~o"
"2i","parB.redondo","Qaguikê","qa-gi-'ke"
"2j","parB.redondo","xitaca","Si-'ta-ka"
"2l","parB.redondo","Azuos","a-'zu-os"
"2m","parB.redondo","Solite","so-'li-te"
"2n","parB.redondo","Zotrúia","zo-'tru-ia"
"2o","parB.redondo","Marto","maR-to"
"2p","parB.redondo","Marameru","ma-ra-me-'ru"
"2q","parB.redondo","Lambelgo","l~a-'bew-go"
"2r","parB.redondo","Blonte","bl~o-te"
"2s","parB.redondo","gualum","gwa-'l~u"
"2t","parB.redondo","Cofibune","ko-fi-'bu-ne"
"2u","parB.redondo","Gatarca","ga-'taR-ka"
"2w","parB.redondo","Tanani","ta-na-'ni"
"2y","parB.redondo","Colivus","ko-li-'vus"
"2aa","parB.redondo","colunu","ko-lu-'nu"
"2dd","parB.redondo","ombom","~o-b~o"
"2ee","parB.redondo","jinomini","Zi-no-mi-'ni"
"2gg","parB.redondo","azonzô","a-z~o-'zo"
"2hh","parB.redondo","otime","o-'ti-me"
"2ii","parB.redondo","Prareslofe","pra-res-'lo-fe"
"2jj","parB.redondo","pasfuca","pas-'fu-ka"
"2a","parC.pontudo","Sucuiute","su-ku-'iw-te"
"2b","parC.pontudo","Larito","la-'ri-to"
"2d","parC.pontudo","vreior","vrej-'oR"
"2e","parC.pontudo","patuta","pa-'tu-ta"
"2f","parC.pontudo","esfríce","es-'fri-se"
"2g","parC.pontudo","Tative","ta-'ti-ve"
"2h","parC.pontudo","Faboz","fa-'bos"
"2i","parC.pontudo","Hizás","i-'zas"
"2j","parC.pontudo","vixega","vi-'Se-ga"
"2m","parC.pontudo","Atele","a-'te-le"
"2n","parC.pontudo","Furúio","fu-'ru-io"
"2o","parC.pontudo","Bron","br~o"
"2p","parC.pontudo","Papepona","pa-pe-'po-na"
"2q","parC.pontudo","Chápide","Sa-pi-de"
"2r","parC.pontudo","Muntatê","m~u-ta-'te"
"2s","parC.pontudo","pinjas","p~i-Zas"
"2t","parC.pontudo","Cocemebo","ko-se-'me-bo"
"2u","parC.pontudo","Quelato","ke-'la-to"
"2w","parC.pontudo","Hiupa","iw-pa"
"2y","parC.pontudo","Maba","ma-ba"
"2aa","parC.pontudo","cavitri","ka-vi-'tri"
"2bb","parC.pontudo","Picauí","pi-kaw-'i"
"2dd","parC.pontudo","guta","gu-ta"
"2ee","parC.pontudo","tisocu","ti-zo-'ku"
"2gg","parC.pontudo","mirambo","mi-'r~a-bo"
"2hh","parC.pontudo","trariti","tra-ri-'ti"
"2ii","parC.pontudo","Fateloze","fa-te-'lo-ze"
"2jj","parC.pontudo","ximbusqui","S~i-bus-'ki"
"2a","parC.redondo","Pendoguio","p~e-do-'gio"
"2b","parC.redondo","Boejo","bo-'e-Zo"
"2c","parC.redondo","Loioja","loj-'o-Za"
"2d","parC.redondo","nume","nu-me"
"2f","parC.redondo","holobato","o-lo-'ba-to"
"2h","parC.redondo","Gajião","ga-Zi-'~aw"
"2i","parC.redondo","Guver","gu-'veR"
"2j","parC.redondo","patamolo","pa-ta-'mo-lo"
"2m","parC.redondo","Lomiste","lo-'mis-te"
"2n","parC.redondo","Burulo","bu-'ru-lo"
"2o","parC.redondo","Sauco","saw-ko"
"2p","parC.redondo","Dorrefifo","do-he-'fi-fo"
"2q","parC.redondo","Blocal","blo-'kaw"
"2r","parC.redondo","Clepô","kle-'po"
"2s","parC.redondo","salu","sa-'lu"
"2t","parC.redondo","Dilasefo","di-la-'ze-fo"
"2u","parC.redondo","Bolata","bo-'la-ta"
"2y","parC.redondo","Dilesques","di-'les-kes"
"2aa","parC.redondo","corlimu","koR-li-'mu"
"2bb","parC.redondo","Dinomon","di-'no-m~o"
"2dd","parC.redondo","conse","k~o-se"
"2ee","parC.redondo","faliso","fa-'li-zo"
"2ff","parC.redondo","Conolu","ko-no-'lu"
"2gg","parC.redondo","ochondro","o-'S~o-dro"
"2hh","parC.redondo","polamo","po-'la-mo"
"2ii","parC.redondo","Folmarvo","fow-'maR-vo"
"2jj","parC.redondo","nazimba","na-'z~i-ba"
"2a","parD.pontudo","Laduspo","la-'dus-po"
"2b","parD.pontudo","Cipite","si-'pi-te"
"2c","parD.pontudo","Plunamo","plu-'na-mo"
"2d","parD.pontudo","istici","is-ti-'si"
"2e","parD.pontudo","zium","zi-'~u"
"2f","parD.pontudo","plino","pli-no"
"2h","parD.pontudo","Dispa","dis-pa"
"2i","parD.pontudo","Xitono","Si-'to-no"
"2j","parD.pontudo","estadina","es-ta-'di-na"
"2l","parD.pontudo","Finie","fi-'ni-e"
"2n","parD.pontudo","Tábix","ta-biS"
"2o","parD.pontudo","Mirca","miR-ka"
"2p","parD.pontudo","Corcorena","koR-ko-'re-na"
"2q","parD.pontudo","Prosal","pro-'zaw"
"2r","parD.pontudo","Chatla","Sa-tla"
"2s","parD.pontudo","iulta","i-'uw-ta"
"2t","parD.pontudo","piselu","pi-ze-'lu"
"2u","parD.pontudo","Fritoca","fri-'to-ka"
"2y","parD.pontudo","Narcom","naR-k~o"
"2aa","parD.pontudo","brino","bri-no"
"2bb","parD.pontudo","Luzeta","lu-'ze-ta"
"2dd","parD.pontudo","fisco","fis-ko"
"2ee","parD.pontudo","tirosa","ti-'ro-za"
"2gg","parD.pontudo","tossolar","to-so-'laR"
"2hh","parD.pontudo","estolico","es-to-'li-ko"
"2ii","parD.pontudo","Fribelaso","fri-be-'la-zo"
"2jj","parD.pontudo","ritoze","hi-'to-ze"
"2a","parD.redondo","Varingo","va-'r~i-go"
"2b","parD.redondo","Tortonho","toR-'to-No"
"2c","parD.redondo","Serequecoia","se-re-ke-'koj-a"
"2d","parD.redondo","xúan","Su-~a"
"2e","parD.redondo","vlau","vlaw"
"2f","parD.redondo","carágura","ka-'ra-gu-ra"
"2g","parD.redondo","Vraoum","vra-'~ow"
"2h","parD.redondo","Baio","baj-o"
"2j","parD.redondo","unimelo","u-ni-'me-lo"
"2l","parD.redondo","Ataro","a-'ta-ro"
"2n","parD.redondo","Janix","Za-niS"
"2o","parD.redondo","Entiu","~e-'tiw"
"2p","parD.redondo","Pitulana","pi-tu-'la-na"
"2q","parD.redondo","Enol","e-'now"
"2r","parD.redondo","Ispamba","is-'p~a-ba"
"2s","parD.redondo","caru","ka-'ru"
"2t","parD.redondo","Rocará","ho-ka-'ra"
"2u","parD.redondo","Caloto","ka-'lo-to"
"2y","parD.redondo","Marlumpa","maR-'l~u-pa"
"2aa","parD.redondo","tufono","tu-'fo-no"
"2bb","parD.redondo","Tunil","tu-'niw"
"2dd","parD.redondo","bolum","bo-'l~u"
"2ee","parD.redondo","reman","he-m~a"
"2ff","parD.redondo","Omolu","o-mo-'lu"
"2gg","parD.redondo","rogínuo","ho-'Zi-nu-o"
"2hh","parD.redondo","sinuana","si-nu-'a-na"
"2ii","parD.redondo","Taripeso","ta-ri-'pe-zo"
"2jj","parD.redondo","druma","dru-ma"
"2a","parE.redondo","Prifa","pri-fa"
"2b","parE.redondo","Relido","he-'li-do"
"2c","parE.redondo","Mismigloia","mis-mi-'gloj-a"
"2d","parE.redondo","ioner","i-o-'neR"
"2e","parE.redondo","mouom","mow~o"
"2f","parE.redondo","nabro","na-bro"
"2l","parE.redondo","Lertico","leR-'ti-ko"
"2m","parE.redondo","Untico","~u-'ti-ko"
"2n","parE.redondo","Satrúvono","sa-'tru-vo-no"
"2o","parE.redondo","Ontru","~o-'tru"
"2p","parE.redondo","Gigoragora","Zi-go-ra-'go-ra"
"2q","parE.redondo","Loil","lojw"
"2r","parE.redondo","Corato","ko-'ra-to"
"2s","parE.redondo","ortus","oR-'tus"
"2t","parE.redondo","Neinefi","nej-ne-'fi"
"2u","parE.redondo","Fagomo","fa-'go-mo"
"2y","parE.redondo","Estimpufros","es-t~i-'pu-fros"
"2bb","parE.redondo","Linhoral","li-No-'raw"
"2dd","parE.redondo","lumo","lu-mo"
"2ee","parE.redondo","hojumo","o-'Zu-mo"
"2ff","parE.redondo","Novul","no-'vuw"
"2gg","parE.redondo","flunar","flu-'naR"
"2hh","parE.redondo","molunas","mo-'lu-nas"
"2ii","parE.redondo","Redocari","he-do-ka-'ri"
"2jj","parE.redondo","palasca","pa-'las-ka"
"2a","parE.pontudo","Ráscote","has-ko-te"
"2b","parE.pontudo","Iscra","is-kra"
"2c","parE.pontudo","Catrirabibe","ka-tri-ra-'bi-be"
"2d","parE.pontudo","zás-zál","zas 'zaw"
"2e","parE.pontudo","tiatu","ti-a-'tu"
"2f","parE.pontudo","équeli","e-ke-li"
"2g","parE.pontudo","Puerer","pu-e-'reR"
"2h","parE.pontudo","Zema","ze-ma"
"2i","parE.pontudo","Resnin","hes-'n~i"
"2j","parE.pontudo","gitexa","Zi-'te-Sa"
"2l","parE.pontudo","Gangelico","g~a-Ze-'li-ko"
"2m","parE.pontudo","Tropim","tro-'p~i"
"2n","parE.pontudo","Conítero","ko-'ni-te-ro"
"2o","parE.pontudo","Crifa","kri-fa"
"2p","parE.pontudo","Humelado","u-me-'la-do"
"2q","parE.pontudo","Zípede","zi-pe-de"
"2r","parE.pontudo","Castuta","kas-'tu-ta"
"2s","parE.pontudo","lampa","l~a-pa"
"2t","parE.pontudo","Gicofapo","Zi-ko-'fa-po"
"2u","parE.pontudo","Pocatu","po-ka-'tu"
"2w","parE.pontudo","Zapiu","za-'piw"
"2y","parE.pontudo","Necofem","ne-'ko-f~e"
"2aa","parE.pontudo","trinune","tri-'nu-ne"
"2dd","parE.pontudo","trima","tri-ma"
"2ee","parE.pontudo","komi","ko-'mi"
"2ff","parE.pontudo","Lidri","li-'dri"
"2gg","parE.pontudo","topelo","to-'pe-lo"
"2ii","parE.pontudo","Vestrisnam","ves-'tris-n~a"
"2jj","parE.pontudo","tritoscu","tri-tos-'ku"
"2a","parF.pontudo","Rapito","ha-'pi-to"
"2b","parF.pontudo","Parelo","pa-'re-lo"
"2c","parF.pontudo","Sacralo","sa-'kra-lo"
"2e","parF.pontudo","zutim","zu-'t~i"
"2f","parF.pontudo","lasa","la-za"
"2h","parF.pontudo","Andex","~a-deS"
"2i","parF.pontudo","Trilisa","tri-'li-za"
"2l","parF.pontudo","Leriae","le-ri-'a-e"
"2n","parF.pontudo","Tritóide","tri-'toj-de"
"2o","parF.pontudo","Chito","ki-to"
"2p","parF.pontudo","Esdeadio","es-de-a-'dio"
"2q","parF.pontudo","Crístide","kris-ti-de"
"2r","parF.pontudo","Funtadi","f~u-ta-'di"
"2s","parF.pontudo","faica","faj-ka"
"2t","parF.pontudo","Ventiqui","v~e-ti-'ki"
"2u","parF.pontudo","Frivoto","fri-'vo-to"
"2w","parF.pontudo","Trililin","tri-li-'l~i"
"2y","parF.pontudo","Juper","Zu-'peR"
"2aa","parF.pontudo","triletu","tri-le-'tu"
"2bb","parF.pontudo","Tribilos","tri-'bi-los"
"2dd","parF.pontudo","pintaco","p~i-'ta-ko"
"2ee","parF.pontudo","premine","pre-'mi-ne"
"2ff","parF.pontudo","Tradiz","tra-'dis"
"2gg","parF.pontudo","azuzo","a-'zu-zo"
"2hh","parF.pontudo","Traque","tra-ke"
"2ii","parF.pontudo","Vampidotre","v~a-pi-'do-tre"
"2jj","parF.pontudo","patrita","pa-'tri-ta"
"2a","parF.redondo","Iolago","i-o-'la-go"
"2b","parF.redondo","Virite","vi-'ri-te"
"2c","parF.redondo","Caldequisto","kaw-de-'kis-to"
"2d","parF.redondo","tôum","towm"
"2e","parF.redondo","pleõ","ple-'~o"
"2f","parF.redondo","biruba","bi-'ru-ba"
"2h","parF.redondo","Tandala","t~a-'da-la"
"2i","parF.redondo","Grenulum","gre-nu-'l~u"
"2j","parF.redondo","curvalula","kuR-va-'lu-la"
"2l","parF.redondo","Dalio","da-'lio"
"2m","parF.redondo","Ontom","~o-t~o"
"2n","parF.redondo","Brilula","bri-'lu-la"
"2o","parF.redondo","Aume","aw-me"
"2p","parF.redondo","Oceacro","o-se-'a-kro"
"2q","parF.redondo","Olol","o-'low"
"2r","parF.redondo","Cloidê","kloj-'de"
"2s","parF.redondo","palingo","pa-'l~i-go"
"2t","parF.redondo","Marcorron","maR-'ko-h~o"
"2u","parF.redondo","Rolamado","ho-la-'ma-do"
"2y","parF.redondo","Vaixo","vaj-So"
"2aa","parF.redondo","conva","k~o-va"
"2bb","parF.redondo","Belotos","be-'lo-tos"
"2dd","parF.redondo","lambela","l~a-'be-la"
"2ee","parF.redondo","caburu","ka-bu-'ru"
"2ff","parF.redondo","Unuli","u-nu-'li"
"2gg","parF.redondo","songo","s~o-go"
"2hh","parF.redondo","Gorlas","goR-las"
"2ii","parF.redondo","Voilarove","voj-la-'ro-ve"
"2jj","parF.redondo","colusca","ko-'luS-ka"
